path,occurrence,docs_present,min_per_doc,max_per_doc,sample_value,attributes
/us-patent-grant,1,2/2,1,1,,"country=""US"" date-produced=""20221213"" date-publ=""20230103"" dtd-version=""v4.7 2022-02-17"""
/us-patent-grant/claims,1,2/2,1,1,,"id=""claims"""
/us-patent-grant/claims/claim,1,2/2,1,1,,"id=""CLM-00001"" num=""00001"""
/us-patent-grant/claims/claim/claim-text,1,2/2,1,1,"The ornamental design for a fruit gum, as shown and described. | The ornamental design for a churro-shaped pet treat, as shown and described.",
/us-patent-grant/description,1,2/2,1,1,,"id=""description"""
/us-patent-grant/description/description-of-drawings,1,2/2,1,1,,
/us-patent-grant/description/description-of-drawings/p,1..N (max=15),2/2,2,15,1. Fruit gum | The design relates to a bear face made of fruit gums; fig.,"id=""p-0001"" id=""p-0002"" id=""p-0003"" id=""p-0004"""
/us-patent-grant/description/description-of-drawings/p/b,1..N (max=2),1/2,2,2,1 | 6,
/us-patent-grant/description/description-of-drawings/p/figref,1..N (max=15),2/2,8,15,fig | FIG.,"idref=""DRAWINGS"""
/us-patent-grant/description/description-of-drawings/p/figref/b,1..N (max=18),2/2,14,18,1 | 1,
/us-patent-grant/drawings,1,2/2,1,1,,"id=""DRAWINGS"""
/us-patent-grant/drawings/figure,1..N (max=9),2/2,9,9,,"id=""Fig-EMI-D00000"" id=""Fig-EMI-D00001"" id=""Fig-EMI-D00002"" id=""Fig-EMI-D00003"""
/us-patent-grant/drawings/figure/img,1..N (max=9),2/2,9,9,,"alt=""embedded image"" file=""USD0973998-20230103-D00000.TIF"" file=""USD0973998-20230103-D00001.TIF"" file=""USD0973998-20230103-D00002.TIF"""
/us-patent-grant/us-bibliographic-data-grant,1,2/2,1,1,,
/us-patent-grant/us-bibliographic-data-grant/application-reference,1,2/2,1,1,,"appl-type=""design"""
/us-patent-grant/us-bibliographic-data-grant/application-reference/document-id,1,2/2,1,1,,
/us-patent-grant/us-bibliographic-data-grant/application-reference/document-id/country,1,2/2,1,1,US | US,
/us-patent-grant/us-bibliographic-data-grant/application-reference/document-id/date,1,2/2,1,1,20211019 | 20210208,
/us-patent-grant/us-bibliographic-data-grant/application-reference/document-id/doc-number,1,2/2,1,1,35512913 | 29769808,
/us-patent-grant/us-bibliographic-data-grant/assignees,1,1/2,1,1,,
/us-patent-grant/us-bibliographic-data-grant/assignees/assignee,1,1/2,1,1,,
/us-patent-grant/us-bibliographic-data-grant/assignees/assignee/addressbook,1,1/2,1,1,,
/us-patent-grant/us-bibliographic-data-grant/assignees/assignee/addressbook/address,1,1/2,1,1,,
/us-patent-grant/us-bibliographic-data-grant/assignees/assignee/addressbook/address/city,1,1/2,1,1,Middleton,
/us-patent-grant/us-bibliographic-data-grant/assignees/assignee/addressbook/address/country,1,1/2,1,1,US,
/us-patent-grant/us-bibliographic-data-grant/assignees/assignee/addressbook/address/state,1,1/2,1,1,WI,
/us-patent-grant/us-bibliographic-data-grant/assignees/assignee/addressbook/orgname,1,1/2,1,1,"Spectrum Brands, Inc.",
/us-patent-grant/us-bibliographic-data-grant/assignees/assignee/addressbook/role,1,1/2,1,1,02,
/us-patent-grant/us-bibliographic-data-grant/classification-locarno,1,2/2,1,1,,
/us-patent-grant/us-bibliographic-data-grant/classification-locarno/edition,1,2/2,1,1,14 | 14,
/us-patent-grant/us-bibliographic-data-grant/classification-locarno/main-classification,1,2/2,1,1,0101 | 0101,
/us-patent-grant/us-bibliographic-data-grant/classification-national,1,2/2,1,1,,
/us-patent-grant/us-bibliographic-data-grant/classification-national/country,1,2/2,1,1,US | US,
/us-patent-grant/us-bibliographic-data-grant/classification-national/further-classification,1,1/2,1,1,D1127,
/us-patent-grant/us-bibliographic-data-grant/classification-national/main-classification,1,2/2,1,1,D 1109 | D 1125,
/us-patent-grant/us-bibliographic-data-grant/examiners,1,2/2,1,1,,
/us-patent-grant/us-bibliographic-data-grant/examiners/primary-examiner,1,2/2,1,1,,
/us-patent-grant/us-bibliographic-data-grant/examiners/primary-examiner/department,1,2/2,1,1,2911 | 2911,
/us-patent-grant/us-bibliographic-data-grant/examiners/primary-examiner/first-name,1,2/2,1,1,Katie Jane | Katie Jane,
/us-patent-grant/us-bibliographic-data-grant/examiners/primary-examiner/last-name,1,2/2,1,1,Stofko | Stofko,
/us-patent-grant/us-bibliographic-data-grant/figures,1,2/2,1,1,,
/us-patent-grant/us-bibliographic-data-grant/figures/number-of-drawing-sheets,1,2/2,1,1,8 | 8,
/us-patent-grant/us-bibliographic-data-grant/figures/number-of-figures,1,2/2,1,1,8 | 14,
/us-patent-grant/us-bibliographic-data-grant/hague-agreement-data,1,1/2,1,1,,
/us-patent-grant/us-bibliographic-data-grant/hague-agreement-data/international-filing-date,1,1/2,1,1,,
/us-patent-grant/us-bibliographic-data-grant/hague-agreement-data/international-filing-date/date,1,1/2,1,1,20211019,
/us-patent-grant/us-bibliographic-data-grant/hague-agreement-data/international-registration-date,1,1/2,1,1,,
/us-patent-grant/us-bibliographic-data-grant/hague-agreement-data/international-registration-date/date,1,1/2,1,1,20211019,
/us-patent-grant/us-bibliographic-data-grant/hague-agreement-data/international-registration-number,1,1/2,1,1,DM/217117,
/us-patent-grant/us-bibliographic-data-grant/hague-agreement-data/international-registration-publication-date,1,1/2,1,1,,
/us-patent-grant/us-bibliographic-data-grant/hague-agreement-data/international-registration-publication-date/date,1,1/2,1,1,20211112,
/us-patent-grant/us-bibliographic-data-grant/invention-title,1,2/2,1,1,Fruit gum | Churro-shaped pet treat,"id=""d2e53"""
/us-patent-grant/us-bibliographic-data-grant/number-of-claims,1,2/2,1,1,1 | 1,
/us-patent-grant/us-bibliographic-data-grant/publication-reference,1,2/2,1,1,,
/us-patent-grant/us-bibliographic-data-grant/publication-reference/document-id,1,2/2,1,1,,
/us-patent-grant/us-bibliographic-data-grant/publication-reference/document-id/country,1,2/2,1,1,US | US,
/us-patent-grant/us-bibliographic-data-grant/publication-reference/document-id/date,1,2/2,1,1,20230103 | 20230103,
/us-patent-grant/us-bibliographic-data-grant/publication-reference/document-id/doc-number,1,2/2,1,1,D0973998 | D0973999,
/us-patent-grant/us-bibliographic-data-grant/publication-reference/document-id/kind,1,2/2,1,1,S1 | S1,
/us-patent-grant/us-bibliographic-data-grant/us-application-series-code,1,2/2,1,1,35 | 29,
/us-patent-grant/us-bibliographic-data-grant/us-exemplary-claim,1,2/2,1,1,1 | 1,
/us-patent-grant/us-bibliographic-data-grant/us-field-of-classification-search,1,2/2,1,1,,
/us-patent-grant/us-bibliographic-data-grant/us-field-of-classification-search/classification-cpc-text,1..N (max=5),2/2,5,5,A23G 3/54 | A61K 9/2072,
/us-patent-grant/us-bibliographic-data-grant/us-field-of-classification-search/classification-national,1..N (max=31),2/2,20,31,,
/us-patent-grant/us-bibliographic-data-grant/us-field-of-classification-search/classification-national/additional-info,1..N (max=2),2/2,1,2,unstructured | unstructured,
/us-patent-grant/us-bibliographic-data-grant/us-field-of-classification-search/classification-national/country,1..N (max=31),2/2,20,31,US | US,
/us-patent-grant/us-bibliographic-data-grant/us-field-of-classification-search/classification-national/main-classification,1..N (max=31),2/2,20,31,D 1100-130 | D 1199,
/us-patent-grant/us-bibliographic-data-grant/us-parties,1,2/2,1,1,,
/us-patent-grant/us-bibliographic-data-grant/us-parties/agents,1,1/2,1,1,,
/us-patent-grant/us-bibliographic-data-grant/us-parties/agents/agent,1,1/2,1,1,,"rep-type=""attorney"" sequence=""01"""
/us-patent-grant/us-bibliographic-data-grant/us-parties/agents/agent/addressbook,1,1/2,1,1,,
/us-patent-grant/us-bibliographic-data-grant/us-parties/agents/agent/addressbook/address,1,1/2,1,1,,
/us-patent-grant/us-bibliographic-data-grant/us-parties/agents/agent/addressbook/address/country,1,1/2,1,1,unknown,
/us-patent-grant/us-bibliographic-data-grant/us-parties/agents/agent/addressbook/orgname,1,1/2,1,1,Merchant & Gould P.C.,
/us-patent-grant/us-bibliographic-data-grant/us-parties/inventors,1,2/2,1,1,,
/us-patent-grant/us-bibliographic-data-grant/us-parties/inventors/inventor,1..N (max=4),2/2,2,4,,"designation=""us-only"" sequence=""001"" sequence=""002"" sequence=""003"""
/us-patent-grant/us-bibliographic-data-grant/us-parties/inventors/inventor/addressbook,1..N (max=4),2/2,2,4,,
/us-patent-grant/us-bibliographic-data-grant/us-parties/inventors/inventor/addressbook/address,1..N (max=4),2/2,2,4,,
/us-patent-grant/us-bibliographic-data-grant/us-parties/inventors/inventor/addressbook/address/city,1..N (max=4),2/2,2,4,St. Gallen | Thalwil,
/us-patent-grant/us-bibliographic-data-grant/us-parties/inventors/inventor/addressbook/address/country,1..N (max=4),2/2,2,4,CH | CH,
/us-patent-grant/us-bibliographic-data-grant/us-parties/inventors/inventor/addressbook/address/state,1..N (max=4),1/2,4,4,VA | VA,
/us-patent-grant/us-bibliographic-data-grant/us-parties/inventors/inventor/addressbook/first-name,1..N (max=4),2/2,2,4,Samuel | Anja,
/us-patent-grant/us-bibliographic-data-grant/us-parties/inventors/inventor/addressbook/last-name,1..N (max=4),2/2,2,4,Güttinger | Aubert,
/us-patent-grant/us-bibliographic-data-grant/us-parties/us-applicants,1,2/2,1,1,,
/us-patent-grant/us-bibliographic-data-grant/us-parties/us-applicants/us-applicant,1,2/2,1,1,,"app-type=""applicant"" applicant-authority-category=""obligated-assignee"" designation=""us-only"" sequence=""001"""
/us-patent-grant/us-bibliographic-data-grant/us-parties/us-applicants/us-applicant/addressbook,1,2/2,1,1,,
/us-patent-grant/us-bibliographic-data-grant/us-parties/us-applicants/us-applicant/addressbook/address,1,2/2,1,1,,
/us-patent-grant/us-bibliographic-data-grant/us-parties/us-applicants/us-applicant/addressbook/address/city,1,2/2,1,1,Schlieren | Middleton,
/us-patent-grant/us-bibliographic-data-grant/us-parties/us-applicants/us-applicant/addressbook/address/country,1,2/2,1,1,CH | US,
/us-patent-grant/us-bibliographic-data-grant/us-parties/us-applicants/us-applicant/addressbook/address/state,1,1/2,1,1,WI,
/us-patent-grant/us-bibliographic-data-grant/us-parties/us-applicants/us-applicant/addressbook/orgname,1,2/2,1,1,"Innutri AG | Spectrum Brands, Inc.",
/us-patent-grant/us-bibliographic-data-grant/us-parties/us-applicants/us-applicant/residence,1,2/2,1,1,,
/us-patent-grant/us-bibliographic-data-grant/us-parties/us-applicants/us-applicant/residence/country,1,2/2,1,1,CH | US,
/us-patent-grant/us-bibliographic-data-grant/us-references-cited,1,2/2,1,1,,
/us-patent-grant/us-bibliographic-data-grant/us-references-cited/us-citation,1..N (max=57),2/2,13,57,,
/us-patent-grant/us-bibliographic-data-grant/us-references-cited/us-citation/category,1..N (max=57),2/2,13,57,cited by examiner | cited by examiner,
/us-patent-grant/us-bibliographic-data-grant/us-references-cited/us-citation/classification-cpc-text,1..N (max=6),2/2,1,6,A47G 9/083 | A23G 9/48,
/us-patent-grant/us-bibliographic-data-grant/us-references-cited/us-citation/classification-national,1..N (max=13),2/2,12,13,,
/us-patent-grant/us-bibliographic-data-grant/us-references-cited/us-citation/classification-national/country,1..N (max=13),2/2,12,13,US | US,
/us-patent-grant/us-bibliographic-data-grant/us-references-cited/us-citation/classification-national/main-classification,1..N (max=13),2/2,12,13,D 1110 | D 1110,
/us-patent-grant/us-bibliographic-data-grant/us-references-cited/us-citation/patcit,1..N (max=57),2/2,13,57,,"num=""00001"" num=""00002"" num=""00003"" num=""00004"""
/us-patent-grant/us-bibliographic-data-grant/us-references-cited/us-citation/patcit/document-id,1..N (max=57),2/2,13,57,,
/us-patent-grant/us-bibliographic-data-grant/us-references-cited/us-citation/patcit/document-id/country,1..N (max=57),2/2,13,57,US | US,
/us-patent-grant/us-bibliographic-data-grant/us-references-cited/us-citation/patcit/document-id/date,1..N (max=57),2/2,13,57,19710300 | 19910500,
/us-patent-grant/us-bibliographic-data-grant/us-references-cited/us-citation/patcit/document-id/doc-number,1..N (max=57),2/2,13,57,D220330 | D316922,
/us-patent-grant/us-bibliographic-data-grant/us-references-cited/us-citation/patcit/document-id/kind,1..N (max=40),2/2,13,40,S | S,
/us-patent-grant/us-bibliographic-data-grant/us-references-cited/us-citation/patcit/document-id/name,1..N (max=40),2/2,13,40,Tripp | Alpers,
/us-patent-grant/us-bibliographic-data-grant/us-term-of-grant,1,2/2,1,1,,
/us-patent-grant/us-bibliographic-data-grant/us-term-of-grant/length-of-grant,1,2/2,1,1,15 | 15,
/us-patent-grant/us-claim-statement,1,2/2,1,1,CLAIM | CLAIM,
