Package name : ,legstat_xml_202122
Date of exchange : ,20210529
Number of <legal-status-documents> : ,482101
Status,Authority,Event Code,Regional,First Date Gazette,Last Date Gazette,No. of Events
C,EP,111L,,20210526,20210526,2
C,EP,111Z,,20210526,20210526,1
C,EP,17P,,20210526,20210526,2877
C,EP,17Q,,20210526,20210526,2405
C,EP,18D,,20210526,20210526,423
C,EP,18R,,20210526,20210526,146
C,EP,18RA,,20210526,20210526,1
C,EP,18RR,,20210526,20210526,1
C,EP,18W,,20210526,20210526,143
C,EP,19U,,20210526,20210526,6
C,EP,19W,,20210526,20210526,16
C,EP,26,,20210526,20210526,92
C,EP,26N,,20210526,20210526,2671
C,EP,26U,,20210526,20210526,1
C,EP,27A,,20210526,20210526,13
C,EP,27C,,20210526,20210526,1
C,EP,27O,,20210526,20210526,15
C,EP,27W,,20210526,20210526,19
C,EP,29W,,20210526,20210526,1
C,EP,32PN,,20210526,20210526,15
C,EP,A4,,20210526,20210526,945
C,EP,AC,,20210526,20210526,612
C,EP,AK,,20210526,20210526,5372
C,EP,APAC,,20010111,20010111,1
C,EP,APAE,,20010115,20010115,1
C,EP,APAF,,20171110,20210521,4
C,EP,APAH,,20051005,20210521,23
C,EP,APAK,,20171110,20171110,1
C,EP,APAV,,20210519,20210519,1
C,EP,APAW,,20170822,20170822,1
C,EP,APBK,,20100206,20210521,9
C,EP,APBM,,20090320,20210521,32
C,EP,APBN,,20100206,20210521,9
C,EP,APBP,,20090320,20210521,32
C,EP,APBQ,,20040518,20210519,11
C,EP,APBR,,20100414,20210521,9
C,EP,APBT,,20210519,20210521,9
C,EP,APBU,,20040518,20210521,28
C,EP,APBV,,20100625,20210521,2
C,EP,APBX,,20210519,20210519,2
C,EP,APBY,,20210519,20210519,1
C,EP,APCA,,20210519,20210519,1
C,EP,B565,,20210526,20210526,4
C,EP,D18D,,20210526,20210526,1
C,EP,DAV,,20210526,20210526,1564
C,EP,DAX,,20210526,20210526,1571
C,EP,DB1,,20210526,20210526,2
C,EP,GBPC,,20210526,20210526,7454
C,EP,GBPR,,20210526,20210526,14
C,EP,GRAA,,19960223,20210521,2451
C,EP,GRAC,,20071116,20200623,3
C,EP,GRAG,,19970605,20021030,19
C,EP,GRAH,,19960105,20030626,22
C,EP,GRAJ,,20090707,20210521,261
C,EP,GRAL,,20080715,20210521,23
C,EP,GRAP,,20040221,20210521,1583
C,EP,GRAR,,20161125,20200717,19
C,EP,GRAS,,20040707,20210521,1413
C,EP,GRAT,,20160406,20210521,4
C,EP,INTC,,20210526,20210526,354
C,EP,INTG,,20210526,20210526,3057
C,EP,PUAB,,20190906,20200703,3
C,EP,PUAC,,20040220,20210319,12
C,EP,PUAF,,20180209,20200508,2
C,EP,PUAG,,20151113,20210521,42
C,EP,PUAH,,20051021,20210521,36
C,EP,PUAI,,19840512,20210521,18673
C,EP,PUAJ,,20141031,20210521,26
C,EP,PUAK,,20060519,20080104,2
C,EP,PUAL,,19900917,20210521,744
C,EP,R17C,,20210526,20210526,3
C,EP,R17D,,20210526,20210526,2
C,EP,R17P,,20210526,20210526,2
C,EP,R18R,,20210526,20210526,1
C,EP,R18W,,20210526,20210526,5
C,EP,R26,,20210526,20210526,79
C,EP,R26N,,20210526,20210526,2
C,EP,R26U,,20210526,20210526,1
C,EP,RAP1,,20210526,20210526,188
C,EP,RAP2,,20210526,20210526,30
C,EP,RAP3,,20210526,20210526,692
C,EP,RAP4,,20210526,20210526,239
C,EP,RAV,,20210526,20210526,41
C,EP,RAX,,20210526,20210526,11
C,EP,RBV,,20210526,20210526,903
C,EP,RIC1,,20210526,20210526,9893
C,EP,RIC2,,20210526,20210526,29
C,EP,RIN1,,20210526,20210526,1419
C,EP,RIN2,,20210526,20210526,57
C,EP,STAA,,20161031,20210521,54761
C,EP,TPAC,,20080207,20210521,58
C,EP,ENP,WO,20200821,20210521,2216
C,EP,XX,,20210526,20210526,1
Total number of events for authority EP: ,125947
