table,rows
abstract,13
application_type,4
citation_category,2
claim,184
claim_dependency,84
classification,56
classification_scheme,2
country_office,50
dataset,5
description_section,538
designated_state,47
drawing,92
family_abstract,1
family_citation,0
family_member_application_ref,21
family_member_publication_ref,37
international_application,1
ipc_techn_field,1
keyword,59
kind_code,9
language,3
legal_event_code,5
legal_status_event,10
natural_person,61
non_patent_citation,297
organization,10
patent,19
patent_agent,12
patent_applicant,18
patent_assignee,9
patent_citation,805
patent_citation_category,789
patent_classification,71
patent_examiner,10
patent_family,3
patent_family_member,11
patent_inventor,32
patent_keyword,71
person,71
priority_claim,3
publication,19
related_application,11
title,30
