table,prepared_rows,mismatches
dataset,4,0
country_office,48,0
language,3,0
kind_code,9,0
application_type,4,0
classification_scheme,2,0
patent,18,0
publication,18,0
title,30,0
abstract,13,0
description_section,538,0
claim,184,0
drawing,92,0
claim_dependency,84,0
person,71,0
organization,10,0
natural_person,61,0
patent_applicant,18,0
patent_inventor,32,0
patent_assignee,9,0
patent_agent,12,0
patent_examiner,10,0
classification,56,0
patent_classification,71,0
patent_citation,805,0
non_patent_citation,297,0
priority_claim,3,0
