table,column,rows,non_null
abstract,abstract_id,13,13
abstract,publication_id,13,13
abstract,lang_code,13,13
abstract,abstract_text,13,13
abstract,data_format,13,13
abstract,abstract_source,13,13
application_type,appl_type_code,4,4
application_type,appl_type_name_en,4,4
application_type,appl_type_name_cn,4,4
application_type,ipr_type,4,0
citation_category,category_code,2,2
citation_category,category_desc_en,2,2
citation_category,category_desc_cn,2,2
citation_category,source_standard,2,2
citation_category,note,2,2
claim,claim_id,184,184
claim,publication_id,184,184
claim,lang_code,184,184
claim,claim_number,184,184
claim,claim_seq,184,184
claim,claim_type,184,184
claim,claim_text,184,184
claim,xml_claim_id,184,184
claim_dependency,dependent_claim_id,84,84
claim_dependency,parent_claim_id,84,84
claim_dependency,dependency_type,84,84
claim_dependency,ref_text,84,84
classification,scheme_code,56,56
classification,symbol,56,56
classification,section,56,56
classification,class_no,56,56
classification,subclass,56,56
classification,main_group,56,56
classification,subgroup,56,56
classification,version_date,56,0
classification,edition,56,0
classification,symbol_title,56,0
classification_scheme,scheme_code,2,2
classification_scheme,scheme_name_en,2,2
classification_scheme,scheme_name_cn,2,2
classification_scheme,authority,2,0
classification_scheme,symbol_format,2,0
classification_scheme,is_hierarchical,2,2
country_office,ctry_code,50,50
country_office,iso_alpha3,50,0
country_office,st3_name,50,50
country_office,name_cn,50,0
country_office,organisation_flag,50,0
country_office,continent,50,0
country_office,is_epo_member,50,0
country_office,is_eu_member,50,0
country_office,discontinued,50,0
dataset,dataset_id,5,5
dataset,dataset_code,5,5
dataset,dataset_name_cn,5,5
dataset,dataset_name_en,5,5
dataset,office_code,5,5
dataset,data_category,5,5
dataset,file_format,5,5
dataset,manual_ref,5,1
dataset,description,5,5
description_section,section_id,538,538
description_section,publication_id,538,538
description_section,parent_section_id,538,0
description_section,section_seq,538,538
description_section,section_level,538,538
description_section,heading,538,485
description_section,section_text,538,538
designated_state,patent_id,47,47
designated_state,state_code,47,47
designated_state,designation_type,47,47
drawing,drawing_id,92,92
drawing,publication_id,92,92
drawing,figure_seq,92,92
drawing,figure_id,92,92
drawing,image_file,92,92
drawing,alt_text,92,71
family_abstract,family_abstract_id,1,1
family_abstract,family_id,1,1
family_abstract,abstract_seq,1,1
family_abstract,lang_code,1,1
family_abstract,abstract_text,1,1
family_abstract,data_format,1,1
family_abstract,abstract_source,1,1
family_abstract,source_country,1,1
family_abstract,source_doc_number,1,1
family_abstract,source_kind,1,1
family_citation,citing_family_id,0,0
family_citation,cited_family_id,0,0
family_member_application_ref,member_appln_ref_id,21,21
family_member_application_ref,member_id,21,21
family_member_application_ref,data_format,21,21
family_member_application_ref,is_representative,21,20
family_member_application_ref,doc_id,21,1
family_member_application_ref,country_code,21,11
family_member_application_ref,appln_nr,21,21
family_member_application_ref,appln_kind,21,11
family_member_publication_ref,member_publn_ref_id,37,37
family_member_publication_ref,member_id,37,37
family_member_publication_ref,data_format,37,37
family_member_publication_ref,sequence_nr,37,37
family_member_publication_ref,doc_id,37,1
family_member_publication_ref,country_code,37,19
family_member_publication_ref,publn_nr,37,37
family_member_publication_ref,publn_kind,37,19
family_member_publication_ref,publn_date_raw,37,1
international_application,int_appln_id,1,1
international_application,patent_id,1,1
international_application,int_patent_id,1,0
international_application,int_appln_nr,1,1
international_application,int_filing_date,1,1
international_application,receiving_office,1,1
international_application,int_publn_nr,1,0
international_application,int_publn_date,1,0
international_application,int_lang,1,0
international_application,regional_office,1,1
international_application,national_phase_date,1,1
ipc_techn_field,ipc_maingroup_symbol,1,1
ipc_techn_field,techn_field_nr,1,1
ipc_techn_field,techn_sector,1,1
ipc_techn_field,techn_field,1,1
keyword,keyword_id,59,59
keyword,keyword_text,59,59
keyword,lang_code,59,59
keyword,source,59,59
kind_code,office_code,9,9
kind_code,kind_code,9,9
kind_code,kind_description_en,9,9
kind_code,kind_description_cn,9,9
kind_code,publication_level,9,0
kind_code,is_grant,9,9
kind_code,note,9,0
language,lang_code,3,3
language,name_en,3,3
language,name_cn,3,0
legal_event_code,event_auth,5,5
legal_event_code,event_code,5,5
legal_event_code,event_impact,5,0
legal_event_code,event_descr,5,5
legal_event_code,event_descr_orig,5,5
legal_event_code,event_category_code,5,0
legal_event_code,event_category_title,5,0
legal_status_event,event_id,10,10
legal_status_event,patent_id,10,10
legal_status_event,dataset_id,10,10
legal_status_event,event_seq_nr,10,10
legal_status_event,event_type,10,10
legal_status_event,event_auth,10,10
legal_status_event,event_code,10,10
legal_status_event,event_filing_date,10,0
legal_status_event,event_publn_date,10,10
legal_status_event,event_effective_date,10,1
legal_status_event,event_text,10,10
legal_status_event,ref_doc_auth,10,10
legal_status_event,ref_doc_nr,10,10
legal_status_event,ref_doc_kind,10,10
legal_status_event,ref_doc_date,10,0
legal_status_event,lapse_country,10,0
legal_status_event,lapse_date,10,0
legal_status_event,fee_payment_date,10,0
legal_status_event,fee_renewal_year,10,0
legal_status_event,designated_states_raw,10,0
legal_status_event,class_scheme_code,10,0
legal_status_event,class_symbol,10,0
natural_person,person_id,61,61
natural_person,last_name,61,61
natural_person,first_name,61,61
natural_person,middle_name,61,0
non_patent_citation,npl_id,297,297
non_patent_citation,citation_id,297,297
non_patent_citation,npl_type,297,297
non_patent_citation,npl_biblio,297,297
non_patent_citation,npl_author,297,0
non_patent_citation,npl_title,297,0
non_patent_citation,npl_editor,297,0
non_patent_citation,npl_publisher,297,0
non_patent_citation,npl_volume,297,0
non_patent_citation,npl_issue,297,0
non_patent_citation,npl_page_first,297,0
non_patent_citation,npl_page_last,297,0
non_patent_citation,npl_publn_date,297,0
non_patent_citation,npl_doi,297,0
non_patent_citation,npl_isbn,297,0
non_patent_citation,npl_issn,297,0
non_patent_citation,online_availability,297,0
organization,person_id,10,10
organization,org_name,10,10
organization,psn_sector,10,0
patent,patent_id,19,19
patent,dataset_id,19,19
patent,appln_auth,19,19
patent,appln_nr,19,19
patent,appln_kind,19,19
patent,appln_nr_original,19,19
patent,appln_nr_epodoc,19,0
patent,appl_type_code,19,12
patent,appln_filing_date,19,19
patent,appln_filing_date_raw,19,19
patent,receiving_office,19,0
patent,appln_lang,19,19
patent,int_phase,19,19
patent,reg_phase,19,19
patent,nat_phase,19,19
patent,rights_effective_date,19,0
patent,us_application_series_code,19,18
patent,botanic_latin_name,19,0
patent,botanic_variety,19,0
patent_agent,patent_id,12,12
patent_agent,person_id,12,12
patent_agent,sequence_nr,12,12
patent_agent,rep_type,12,9
patent_agent,internal_ref,12,0
patent_applicant,patent_id,18,18
patent_applicant,person_id,18,18
patent_applicant,sequence_nr,18,18
patent_applicant,applicant_type,18,0
patent_applicant,authority_category,18,6
patent_applicant,designation,18,0
patent_applicant,internal_ref,18,0
patent_assignee,patent_id,9,9
patent_assignee,person_id,9,9
patent_assignee,sequence_nr,9,9
patent_assignee,role_code,9,9
patent_assignee,assignee_type,9,0
patent_citation,citation_id,805,805
patent_citation,citing_patent_id,805,805
patent_citation,citing_publication_id,805,805
patent_citation,cited_patent_id,805,0
patent_citation,cited_publn_id,805,0
patent_citation,citation_type,805,805
patent_citation,cited_country,805,508
patent_citation,cited_doc_number,805,805
patent_citation,cited_doc_kind,805,805
patent_citation,cited_doc_date,805,4
patent_citation,cited_doc_date_raw,805,503
patent_citation,cited_doc_name,805,0
patent_citation,cited_appln_nr,805,0
patent_citation,cited_raw_text,805,805
patent_citation,citn_seq,805,805
patent_citation,citn_origin,805,805
patent_citation,citn_gener_auth,805,0
patent_citation,relevant_claim,805,0
patent_citation_category,citation_id,789,789
patent_citation_category,category_code,789,789
patent_citation_category,relevant_claim,789,789
patent_classification,patent_classification_id,71,71
patent_classification,patent_id,71,71
patent_classification,scheme_code,71,71
patent_classification,symbol,71,71
patent_classification,symbol_raw,71,71
patent_classification,position,71,43
patent_classification,value,71,43
patent_classification,classification_level,71,21
patent_classification,generating_office,71,71
patent_classification,source_type,71,71
patent_classification,action_date,71,43
patent_classification,sequence_nr,71,25
patent_examiner,patent_id,10,10
patent_examiner,person_id,10,10
patent_examiner,examiner_type,10,10
patent_examiner,department,10,10
patent_examiner,sequence_nr,10,10
patent_family,family_id,3,3
patent_family,family_type,3,3
patent_family,source_family_id,3,3
patent_family,dataset_id,3,3
patent_family,earliest_priority_date,3,0
patent_family,earliest_priority_country,3,0
patent_family,representative_publication_id,3,3
patent_family,note,3,3
patent_family_member,member_id,11,11
patent_family_member,family_id,11,11
patent_family_member,member_patent_id,11,3
patent_family_member,member_seq,11,11
patent_family_member,is_representative,11,11
patent_family_member,member_type,11,11
patent_inventor,patent_id,32,32
patent_inventor,person_id,32,32
patent_inventor,sequence_nr,32,32
patent_inventor,designation,32,17
patent_inventor,internal_ref,32,0
patent_keyword,patent_id,71,71
patent_keyword,keyword_id,71,71
patent_keyword,weight,71,71
patent_keyword,source,71,71
person,person_id,71,71
person,person_name,71,71
person,person_name_orig,71,71
person,person_type,71,71
person,address_text,71,0
person,city,71,71
person,state_province,71,0
person,postcode,71,0
person,ctry_code,71,47
person,residence_ctry_code,71,0
person,doc_std_name,71,0
person,psn_id,71,0
person,epo_person_id,71,0
person,source_dataset_id,71,71
priority_claim,priority_id,3,3
priority_claim,patent_id,3,3
priority_claim,prior_patent_id,3,0
priority_claim,sequence_nr,3,3
priority_claim,prior_country,3,3
priority_claim,prior_appln_nr,3,3
priority_claim,prior_date,3,3
priority_claim,prior_date_raw,3,3
priority_claim,priority_kind,3,1
priority_claim,priority_active_indicator,3,0
priority_claim,designated_region,3,0
publication,publication_id,19,19
publication,patent_id,19,19
publication,dataset_id,19,19
publication,publn_auth,19,19
publication,publn_nr,19,19
publication,publn_kind,19,19
publication,publn_date,19,19
publication,publn_date_raw,19,19
publication,publn_lg,19,19
publication,publn_first_grant,19,19
publication,term_length_years,19,0
publication,term_extension_days,19,0
publication,number_of_claims,19,8
publication,number_of_figures,19,8
publication,number_of_drawing_sheets,19,0
publication,gazette_number,19,0
publication,docdb_doc_id,19,1
publication,date_added_docdb,19,0
related_application,relation_id,11,11
related_application,patent_id,11,11
related_application,related_patent_id,11,0
related_application,relation_type,11,11
related_application,related_country,11,11
related_application,related_appln_nr,11,7
related_application,related_filing_date,11,11
related_application,related_publn_nr,11,8
related_application,parent_status,11,3
related_application,sequence_nr,11,11
title,title_id,30,30
title,publication_id,30,30
title,lang_code,30,30
title,title_text,30,30
title,title_type,30,30
title,is_original,30,30
title,data_format,30,30
